#key_ks,msg_s,show_s(1:系统，2:淡入淡出提示，3:确定对话框，4:大喇叭，5:屏幕提示，6：结拜频道，7:世界频道，10。帮会频道，11.IM消息，),"transform_t(用于对接收到的参数进行转换)编写规则{[index1] = op,[index2] = op}1:物品entry => 物品name 2：物品品质 => 颜色 7.物品附加属性id->名称  9:帮会建筑id =》建筑名  10：时间转换，转换成的格式放在100对应的参数 例子参见 RESULT_BIWU_ENTER_ROOM，11。id转竞技组别名字  12。id转比赛名字，13。数字转星期名，14.帮会职位名字"
key_ks,msg_s,show_t,transform_t
UNIMPLEMENT_TIPS,功能尚未开放，请敬请期待,,
RETURN_LOGIN_CONFIRM,确定返回登入吗？,2,
EXIT_GAME_CONFIRM,确定退出游戏吗？,2,
GONGGAO,公告:,,
PALYER_FIGHTING,玩家正在战斗中,2,
FIGHT_ON_TIPS,正在战斗中，不能进行此操作,,
BEIBAO_IS_FULL_TIPS,背包已满，请前往熔炼,,
BEIBAO_WILL_FULL_TIPS,背包空间不足20格，请先清理背包，以免不能获得怪物掉落物品,,
NPC_FIGHTING,怪物正在战斗中,2,
TEN_THOUSAND,万,,
A_HUNDRED_MILLION,亿,,
THOUSAND,k,,
FINISHED,已完成,,
NOT_FINISHED,未完成,,
YOU_GET,恭喜你获得,,
YOU_POS,你的位置,,
TASK_EDIT_QUIT,清除,2,
TASK_EDIT_ACCEPT,领取,2,
TASK_EDIT_TASK_NOT_EXSIT,你现在身上没有所选任务，无法执行清除操作！,2,
TASK_EDIT_TASK_EXSIT,所选任务已经在你身上，无需重复领取！,2,
TASK_EDIT_DIALOG_NONE,对不起没有任务关于%d的对话信息！,2,
TASK_EDIT_STATE_SHOW,显示,2,
TASK_EDIT_STATE_HIDE,隐藏,2,
TASK_EDIT_QUIT_TASK,任务%d已经从你身上成功清除！,2,
TASK_EDIT_ACCEPT_TASK,你已经成功领取任务%d！,2,
TASK_EDIT_OPTION_JUMP,跳转,2,
TASK_EDIT_SHIFT,瞬移,2,
TASK_EDIT_NODE_FILENAME,文件名:,2,
TASK_EDIT_NODE_NUM,对话序号:,2,
TASK_EDIT_NODE_LOAD,载入,2,
TASK_EDIT_NODE_SAVE,保存,2,
TASK_EDIT_NODE_TASKNAME,任务名称:,2,
TASK_EDIT_NODE_NODETYPE,节点类型:,2,
TASK_EDIT_NODE_HEADICON,头顶图标类型:,2,
TASK_EDIT_NODE_NPCNAME,npc名称:,2,
TASK_EDIT_NODE_FRAMETYPE,显示面板:,2,
TASK_EDIT_NODE_SHOW_ORNOT,是否显示:,2,
TASK_EDIT_NODE_CONTENT,内容:,2,
TASK_EDIT_NODE_OPTION,选项:,2,
TASK_EDIT_NODE_OPTION_ADD,添加,2,
TASK_EDIT_NODE_OPTION_DELETE,删除,2,
TASK_EDIT_NODE_OPTION_CONFIRM,确定,2,
TASK_EDIT_NODE_OPTION_OPTION,选项%d,2,
TASK_EDIT_NODE_OPTION_OPERATE,操作%d,2,
TASK_EDIT_NODE_OPTION_JUMP,跳转%d,2,
TASK_DIALOG_GUANBI,返回,,
TASK_CANCEL_TIPS,取消任务#yellow%s,,
TASK_TXT1,当天封魔进度,,
TASK_TXT2,进入跨服服务器会导致圣地挂机停止，是否确定要进入？,,
TASK_TXT3,已完成全部任务,,
TASK_PRIZE,#br#orange奖励%sx%d,,
PANEL_CANCELTASK_SHIMEN,#space放弃后，需要10分钟才能再次接取，你确定要放弃么？,2,
PANEL_CANCELTASK_XIULIAN,放弃修炼任务需要消耗100点善恶值#br当前的善恶值为##heroProperty[goodAndEvil]##点。,2,
MOVIE_ITEM_MOVE_TYPE,移动类型,,
MOVIE_ITEM_MOVE_TIME,移动时间,,
MOVIE_ITEM_HIDE_BUST,隐藏头像,,
MOVIE_ITEM_ADD_RES,预加载资源,,
MOVIE_ITEM_STOP_ACIONT,停止动作,,
MOVIE_ITEM_POS_TYPE,坐标类型,,
MOVIE_ITEM_TIME_TYPE,时间类型,,
MOVIE_ITEM_IS_BG,是否背景图片,,
MOVIE_ITEM_HIDE_IMAGE,隐藏图片,,
MOVIE_ITEM_FILP_IMAGE,对称图片,,
#登陆,,,
TYPE_ACC,账号,2,
TYPE_ACC_INFO,点击输入账户,2,
TYPE_PWD,密码,2,
TYPE_PWD_INFO,点击输入密码,2,
INPUT_ACC,输入账号,2,
INPUT_ACC_INFO,请输入账户名,2,
INPUT_PWD,输入密码,2,
INPUT_PWD_INFO,请输入密码,2,
INPUT_CFM_PWD,确认,2,
INPUT_CFM_PWD_INFO,请再次输入密码,2,
LOGIN_INFO,登录,2,
LOGIN_ROLE_SELECT_FAIL,服务器忙碌中，暂时无法登陆，请稍候再试。#brCODE:%d,,
LOGIN_ROLE_CREATE_FAIL,名字重复，请重新输入,,
LOGIN_ADD_MEMERY_CONTENT,正在加载中......(%s),,
REGISTER_INFO,注册,2,
REGISTER_SURE,确定注册,2,
LOGIN_TO_QQ,与QQ好友玩,2,
LOGIN_TO_WX,与微信好友玩,2,
CONFIRM_INFO,确定,2,
CLEAN_INFO,清除,2,
PLAYER_NAME_INFO,玩家名,2,
RECENT_LOGIN_INFO,上次登录,2,
SERVER_LIST_INFO,服务器选择,2,
PLS_INPUT_PLAYERNAME,请输入玩家名,2,
FANMANG,繁忙,2,
BAOMAN,爆满,2,
LIUCHANG,流畅,2,
XINFU,新服,2,
WEIHU,维护,2,
CURRENT,当前,2,
LOGIN_ERROR1,注册名存在，请重新输入,2,
LOGIN_ERROR2,桥连接失败，错误[%d]%s,2,
LOGIN_ERROR3,认证失败，错误:%d,2,
LOGIN_ERROR4,你输入的账号属于新账号，未被注册，是否注册?,2,
LOGIN_ERROR5,注册成功，赶快点击进入游戏吧,2,
LOGIN_ERROR6,账号或者密码错误，请重新输入,2,
LOGIN_ERROR7,当前服务器正在维护，请稍后重试,2,
SDK_LOGIN_ERROR,登陆失败，错误码:%d，错误信息:%s,2,
LOGIN_USER_CFM,请完成用户信息填写,2,
LOGIN_PSW_CFM,确认密码和输入密码不一致，请重新输入确认密码,2,
LOGIN_USER_FORMAT_CFM,账号只能包含6-20位的字母或数字,2,
LOGIN_PSW_FORMAT_CFM,密码只能包含6-20位的字母或数字,2,
LOGIN_NAME_CFM1,请输入玩家名字,2,
LOGIN_NAME_CFM2,玩家名不可使用标点符号、纯字母纯数字，请重新输入。,2,
LOGIN_NAME_CFM3,玩家名不可超过%d个字,2,
LOGIN_NAME_CFM4,玩家名存在敏感字,2,
LOGIN_CHANGE_PASSWORD,修改密码,2,
LOGIN_AUTO_REGISTER,输入账号密码，若属于新账号则自动注册,2,
LOGIN_GET_SERVERLIST_INFO,正在获取服务器列表,2,
LOGIN_GET_NOTICE_INFO,正在获取公告信息,2,
LOGIN_GET_SERVERLIST_FAILED,获取服务器列表失败,2,
LOGIN_GET_SERVERLIST_FAILED_YES,重新获取,2,
LOGIN_GET_AUTH_FAILED,获取账户信息失败,2,
LOGIN_GET_AUTH_FAILED_YES,重新获取,2,
LOGIN_GET_ACCOUNT_INFO,正在获取账号信息,2,
NET_ERROR1,网络连接不稳定，请稍后再试,2,
NET_CLOSE,您的网络与服务器已断开连接，需要重新连接,,
LOGIN_CONNECTING,正在努力登录游戏,2,
LOGIN_SERVER_VER_ERROR,当前版本与官方服务器版本不一致，请等待服务器更新后可进入游戏。,2,
LOGIN_SERVER_TOO_OFTEN,登入服务器过于频繁，请稍后重试,2,
LOGIN_REFRESH,刷新,2,
LOGIN_REFRESH_TOO_OFTEN,刷新过于频繁，请稍后重试,2,
LOGIN_INPUT_NAME_TIPS1,欢迎来到狗狗的世界，请问怎么称呼您呢？,,
LOGIN_INPUT_NAME_TIPS2,(请输入名字，最多%d个字),,
GLOBAL,准备进入跨服地图！,,
GLOBAL_TIPS,您看到此提示代表跨服操作出現異常，為避免遊戲過程發生問題，請退出重新登入跨服伺服器，謝謝。,,
GLOBAL_TUICHU,确定退出跨服活动？,,
GLOBAL_TXT1,跨服内不开放,,
GLOBAL_TXT2,跨服组队,,
GLOBAL_TXT3,剩余收益次数,,
GLOBAL_TXT4,主角%s级开启,,
LAST_LOGIN_ROLE,最近登录,,
ALL_LOGIN_ROLE,所有角色,,
AUTO_LOGIN_ROLE,（%d秒后自动登陆）,,
AUTO_LOGIN_ROLE1,%d秒后自动登陆，点击取消,,
GONGKAI,公开,2,
JINBI,金币,,
YUANBAO,元宝,,
BIND_YUANBAO,绑定元宝,,
BUGONGKAI,不公开,2,
LOAD_FILE,读取,2,
NEW_ELEM,创建新元素,2,
PLAY_TITLE,演示,2,
CHANGE_TITLE,更改,2,
ORDER_NUMBER,序号,2,
SET_DIR,设置角度,2,
SET_PLAYER_XY,设置角色位置,2,
LBRACKET,【,,
RBRACKET,】,,
DUNHAO,、,,
CAOZUOPINFAN,操作频繁~~,,
FIGHT_EDIT_ACTION_1,起手,2,
FIGHT_EDIT_ACTION_2,出手,2,
FIGHT_EDIT_ACTION_3,结束,2,
FIGHT_EDIT_ADD,添加,2,
FIGHT_EDIT_REMOVE,删除,2,
FIGHT_ACTOR_ACTION,人物动作,2,
FIGHT_ACTOR_MOVE,人物移动,2,
FIGHT_ACTOR_FADE,人物残影,2,
FIGHT_ACTOR_ZHUANGTAI,残影状态,2,
FIGHT_ACTOR_JIANGE,残影间隔,2,
FIGHT_ACTOR_TINGLIU,残影停留,2,
FIGHT_ACTOR_SHULIANG,残影数量,2,
FIGHT_ATTACK_TITLE,攻击,2,
FIGHT_SPELL_TITLE,施法,2,
FIGHT_MAP_EFFECT,场景特效,2,
FIGHT_MOVE_EFFECT,移动特效,2,
FIGHT_WAIT_TIME,等待时间,2,
FIGHT_ACTOR_EFFECT,人物特效,2,
FIGHT_ACTOR_SCALE,人物缩放,2,
FIGHT_SCALE_TITLE,缩放比例,2,
FIGHT_SCALE_HUIFU,是否恢复,2,
FIGHT_TYPE_TITLE,类型,2,
FIGHT_ACTOR_TITLE,行为者,2,
FIGHT_SCREEN_SHAKE,屏幕震动,2,
FIGHT_SPEED_TITLE,速度,2,
FIGHT_BONE_TITLE,骨骼,2,
FIGHT_EXIT_TITLE,退出条件,2,
FIGHT_EXIT_PUPPET,显示分身,2,
FIGHT_EFFECT_ID,特效ID,2,
FIGHT_EFFECT_POS,特效位置,2,
FIGHT_POS_OFFSET_X,偏移X,2,
FIGHT_POS_OFFSET_Y,偏移Y,2,
FIGHT_POS_FROM_OFFSET_X,开始偏移X,2,
FIGHT_POS_FROM_OFFSET_Y,开始偏移Y,2,
FIGHT_POS_TO_OFFSET_X,结束偏移X,2,
FIGHT_POS_TO_OFFSET_Y,结束偏移Y,2,
FIGHT_POS_BEGIN,开始位置,2,
FIGHT_POS_END,结束位置,2,
FIGHT_USE_TIME,时间,2,
FIGHT_MOVE_TYPE,移动方式,2,
FIGHT_MOVE_INSTANT,瞬移,2,
FIGHT_MOVE_LINE,直线,2,
FIGHT_MOVE_TRACE,追踪,2,
FIGHT_IS_ONCE,是否一次,2,
FIGHT_CASTER,攻击者,2,
FIGHT_TARGET,受击者,2,
FIGHT_TARGETLIST,群受击者,2,
FIGHT_BOOL_TRUE,真,2,
FIGHT_BOOL_FALSE,假,2,
FIGHT_TARGET_MID,敌人中间,2,
FIGHT_CASTER_MID,本方中间,2,
FIGHT_SCENE_MID,场景中间,2,
FIGHT_POS_RESET,归位,2,
FIGHT_ATTACK_END,攻击完,2,
FIGHT_ATTACK_ATTACK,攻击帧,2,
FIGHT_RESULT_MAX_TIME,技能%d 战斗超时，请检查配置,2,
FIGHT_RESULT_NO_TARGET,技能%d的目标列表为空，类型：%d，请检查,2,
FIGHT_ELEM_TITLE,元素,2,
FIGHT_TRIGGER_TITLE,技能,2,
FIGHT_REFRESH_TITLE,刷新,2,
FIGHT_CHASE_TEMPLATE,连击模板,2,
FIGHT_TEMPLATE,模板,2,
FIGHT_ATTACK_TYPE,攻击类型,2,
FIGHT_ONCE_ATTACK,单击,2,
FIGHT_CHASE_ATTACK,连击,2,
FIGHT_LIST_ATTACK,群攻,2,
FIGHT_PREPARE_ATTACK,吟唱,2,
FIGHT_INTERVAL_ATTACK,持续,2,
FIGHT_SEAT_TYPE,站位类型,2,
FIGHT_SEAT_FRONT_FRONT,前前,2,
FIGHT_SEAT_BACK_BACK,后后,2,
FIGHT_SEAT_WHOLE,全体,2,
FIGHT_CAMPAIGN_START,进入战斗,2,
FIGHT_CAMPAIGN_WOFANGZHENYING,我方阵营,2,
FIGHT_CAMPAIGN_DIFANGZHENYING,敌方阵营,2,
FIGHT_CAMPAIGN_TUIJIANDENGJI,等级,2,
FIGHT_CAMPAIGN_ZHANDOULIZONGHE,战斗力：%s,2,
FIGHT_CAMPAIGN_DIANJIBUJIANG,点击布将,2,
FIGHT_CAMPAIGN_BEIZHAN,备战,2,
FIGHT_CAMPAIGN_KENENGHUODE,可能获得,2,
FIGHT_CAMPAIGN_XIAZHEN,下阵,2,
FIGHT_CAMPAIGN_TILIXIAOHAO,行动力消耗：%d,2,
FIGHT_CAMPAIGN_TILIBUZU,行动力值不足,2,
FIGHT_CAMPAIGN_ZHANLI,战力：%s,2,
FIGHT_CAMPAIGN_BUZHEN_TISHI,拖动我可以和攻击范围相同的女神调换位置哦！,,
FIGHT_CMAPAIGN_SAODANGKAIQI,vip1开启扫荡功能,2,
FIGHT_PRIZE_BIAOTI,战 胜,2,
FIGHT_PRIZE_ZHUJUEJINGYAN,主角经验： ,2,
FIGHT_PRIZE_ZHANLIPIN,战利品,2,
FIGHT_PRIZE_HUODE,获 得,2,
FIGHT_PRIZE_XINGJIJIANGLI,星级奖励,2,
FIGHT_PRIZE_BAOXIANGJIANGLI,宝箱奖励,2,
FIGHT_PRIZE_LIKAI,离 开,2,
FIGHT_PRIZE_TIAOZHANCHENGGONG,挑战成功,2,
FIGHT_PRIZE_PAIMINGSHANGSHENG,排名上升,2,
FIGHT_LOST_BIAOTI,战 败,2,
FIGHT_LOST_SHENGJIZHUANGBEI,升级装备,2,
FIGHT_LOST_TISHENGDNEGJI,提升等级,2,
FIGHT_LOST_TISHICISHU,继续加油，今天你还剩下#orange %d#rf次挑战机会,2,
FIGHT_LOST_TIAOZHANSHIBAI,挑战失败,2,
FIGHT_LOST_ZHANBAIJIANYI,你可以通过下列方式强化自己,2,
FIGHT_LOST_CHENSHU_YAOQING,#space#norb呜呜呜~~~输给他们人家很不服气啦！如果可以和xx一起上阵发动进阶联动效果的话，我一定不会输的！,2,
FIGHT_LOST_CHENSHU_DAZAO,#space#norb主人，如果我得到进阶装备的话，就可以发动进阶技能打败敌人了！,2,
FIGHT_LOST_CHENSHU_XIANJI,#space#norb主人，我们要努力提升实力！我再也不想失败了！,2,
FIGHT_LOST_TISHI_YAOQING,#nor你可以通过#yellow互动#nor与#yellow女神邀请#nor获得新的女神,2,
FIGHT_LOST_TISHI_DAZAO,#nor你可以通过#yellow工坊#nor晋升各种装备武器,2,
FIGHT_LOST_TIPS1,女神召集或互动可邀请更高品质女神,,
FIGHT_LOST_TIPS2,进行法阵祭祀可提高全体女神攻击和生命,,
FIGHT_LOST_TIPS3,升级魔导仪可提升魔导石的战斗效果,,
FIGHT_LOST_TIPS4,进行装备强化、洗炼、重铸可提升装备属性和战力,,
FIGHT_LOST_TIPS5,Lv.%d#br蜕变%d阶#br进阶%d#STAR_XIAO,,
FIGHT_SKILL_SHOW,表演者 #red%s#rf；技能 #red%s#rf；ID #red %d,2,
FIGHT_POWER_BUFF_TIPS,"buffId:#yellow %d#rf	表演者:#yellow%s#rf	类型:#red%s",,
FIGHT_ACTION_PAUSE_NOTSTART,暂停动作%s能且只能出现在技能开头：%s,,
FIGHT_ACTION_PAUSE_NOTBEGINZERO,%s暂停动作%s没有从时间0开始或者持续时间断开,,
FIGHT_ACTION_PAUSE_NOTMATCH,暂停时间不对应，客户端：%s，服务器：%s,,
FIGHT_VIDEO_SKIP,跳 过,,
FIGHT_VIDEO_WAIT,正在加载,,
FIGHT_CHANGE_POSTION,长按女神可以调整相同攻击距离的站位,2,
FIGHT_NOT_EXSIT_SKILL,ID为：%d的技能缺少客户端表现，entryId：%d#br请注意！,2,
FIGHT_NOT_EXSIT_SKILL_EDIT,ID为：%d的技能缺少客户端表现，entryId：%d请注意！,2,
FIGHT_FADONG,施放,,
FIGHT_KAISHIYINCHANG,开始吟唱,,
FIGHT_ZHUNBEISHIFA,准备施法,,
FIGHT_JIAXUE,血量恢复,,
FIGHT_KOUXUE,血量减少,,
FIGHT_MAXJIAXUE,生命上限增加,,
FIGHT_MAXKOUXUE,生命上限减少,,
FIGHT_JIAQI,能量提升,,
FIGHT_KOUQI,能量减少,,
FIGHT_DANGQIANNVQI,当前怒气,,
FIGHT_ZHONGBUFF,获得%s状态,,
FIGHT_QUBUFF,失去%s状态,,
FIGHT_KAISHI,战斗开始,,
FIGHT_JIESHU,战斗结束,,
FIGHT_ZHENWANG,阵亡,,
FIGHT_DONGJIE,战斗冻结中,,
FIGHT_KEFAZHAO,可发招,,
FIGHT_KEFAZHAO1,奥义技,,
FIGHT_ZIDONGFAZHAO,开启自动战斗,,
FIGHT_QUXIAOZIDONG,取消自动战斗,,
FIGHT_TUICHUZHANDOU,是否退出战斗？,,
FIGHT_TUICHUZHANDOU1,快速退出战斗,,
FIGHT_WUJINENG,无技能,,
FIGHT_WINGTL,守护能量,,
FIGHT_KAIFANG,通过第1章3关开启自动战斗,,
FIGHT_DEFEND_BEGIN,请选择目标,,
FIGHT_DEFEND_END,已取消目标选择,,
FIGHT_SHOWING_TIPS,战斗准备中....,,
FIGHT_LEAVE_FORBID,当前不能退出战斗,,
RECORD_BATTLE_TXT1,我阵输出：,,
RECORD_BATTLE_TXT2,敌阵输出：,,
LEGION_WAR_TITLE1,我阵,,
LEGION_WAR_TITLE2,敌阵,,
FIGHT_TXT1,离开,,
FIGHT_TXT2,战斗记录,,
FIGHT_TXT3,守护技能%s,,
FIGHT_TXT4,奥义值不足,,
FIGHT_TXT5,怒气值不足,,
FIGHT_ZHANLI_ADD,战力提升:%s
FIGHT_ZHANLI_REDUCE,战力下降:%s
FIGHT_TXT100,奥义值,,
FIGHT_TXT6,自动施放绝技,,
FIGHT_TXT7,自动施放绝技和奥义,,
FIGHT_TXT8,手动施放技能,,
FIGHT_TXT9,领取奖励,,
FIGHT_TXT10,当前战斗中,,
DEMAGE_SCORSE_TIPS,%s-%s使用技能%s对%s-%s造成%s伤害！,,
CHAYIDUIBI,差异对比,,
FANYISHUCHU,翻译输出,,
TIHUANZIDUAN,替换字段,,
PET_PINJIE_TXT1,传奇,,
PET_PINJIE_TXT2,魔王,,
PET_PINJIE_TXT3,史诗,,
EQUIP_NEED_MATERIAL,,,
LOAD_MAP,加载地图,2,
PLAY_MUSIC,播放音乐,2,
STOP_MUSIC,停止音乐,2,
MOVIE_CAREMA,移动视角,2,
SET_CAREMA,设置视角,2,
WAIT_TIME,等待时间,2,
ROLE_SAY,头顶冒泡,2,
CREATE_EFFECT,创建特效,2,
DELETE_EFFECT,删除特效,2,
SHAKE_MAP,地图震动,2,
ROLE_SPEAK,黑框说话,2,
DELETE_PLAYER,删除角色,2,
DELETE_ALL_PLAYER,删全部人,2,
FIGHT,战斗,2,
MOVE_PLAYER,移动角色,2,
CHANGE_ACTION,改变动作,2,
FINISH_TASK,完成任务,2,
#MOVIE_EDIT,,,
TASK_TARGETMAP,目标地图：,,
CREATE_ROLE,创建角色,,
HERO_TITLE,角色,,
SAVE,保存,,
HOME_COMMENT_DEL,删除,,
ITEM_FEIXING_POS,位置,,
MOVIE_EDIT_ELEM_SHOW_TIME,表演时间,,
MOVIE_RESULT_INDEX,索引,,
LOGIN_CREATE_ROLE,创建,,
SET_DIR,设置角度,2,
SHOW_IMAGE,显示图片,2,
EXECUTE,执行操作,2,
ADD_FIGHTRESULT,加入result,2,
INIT_FIGHTPLAYER,初始化战斗角色,2,
MOVIE_EDIT_ADD_FIGHT_PLAYER,加入战斗角色,2,
PLAYER_TO_PLAYER,从角色移到角色,2,
HERO_NAME_TITLE,角色名,2,
DIR_TITLE,方向,2,
MODEL_ID,模型ID,2,
NAME_COLOR,名称颜色,2,
MUSIC_FILE,音乐文件,2,
MUSIC_VOLUME,音量,2,
TIME,时间,2,
TEXT_DIRECTION,内容,2,
EFFECT_MODEL_ID,特效模型ID,2,
IS_ONCE,是否一次性,2,
EFFECT_TITLE,特效,2,
SHAKE_TYPE,震动类型,2,
FIGHT_ID,战斗ID,2,
FIGHT_IGNORE_RUN,忽略跑位,2,
FIGHT_SKILL_NO_RP,能量不足，无法释放！,2,
GONGGONGCD,公共CD时间,,
JINENGCD,技能CD时间,,
FIGHT_SKILL_NO_NOT_SELF,这不是阁下的女神，无法操作,2,
SPEED,速度,2,
IS_CAMERA,是否绑定镜头,2,
COOR_TYPE,对齐方式,2,
ACTION_TYPE,动作类型,2,
IS_LOOP,是否循环,2,
TASK,任务,2,
DIR,方向,2,
IMAGE,图片名,2,
AUTO_HIDE,图片消失,,
LEFT_PLAYER,左边玩家,2,
RIGHT_PLAYER,右边玩家,2,
LEFT,左,2,
ROLE_MINGZI,名字,2,
LEFT_BOTTOM,左下,2,
BOTTOM,下,2,
RIGHT_BOTTOM,右下,2,
RIGHT,右,2,
RIGHT_TOP,右上,2,
TOP,上,2,
LEFT_TOP,左上,2,
TARGET_PLAYER,目标角色,2,
OFFX,X坐标偏离,2,
OFFY,Y坐标偏离,2,
MOVIE_ADDRESULT_CASTERSIDE,源边,2,
MOVIE_ADDRESULT_CASTERPOS,源位,2,
MOVIE_ADDRESULT_TARGETSIDE,目标边,2,
MOVIE_ADDRESULT_TARGETPOS,目标位,2,
MOVIE_ADDRESULT_LOSSHP,扣血,2,
MOVIE_ADDRESULT_RESULTID,表演ID,2,
MOVIE_EDIT_EFFECT_RENWUTEXIAO,人物特效,2,
MOVIE_EDIT_EFFECT_ID,特效ID,2,
MOVIE_EDIT_EFFECT_SHANCHUTEXIAO,删人效,2,
MOVIE_EDIT_VISIBLE_KEJIANXING,人物可见,2,
MOVIE_EDIT_VISIBLE_KEJIAN,可见性,2,
MOVIE_EDIT_VISIBLE_KEJIANXING,人物可见,2,
PLAY_FRAME_ANIMATION,界面动画,,
MOVIE_EDIT_FALL_PLAYER,降落角色,,
MOVIE_EDIT_FULL_BLACK,全屏黑暗,,
MOVIE_PLAY_VIDEO,播放视频,,
MOVIE_PLAY_VIDEO_NAME,视频名,,
#,,,
ENTER_GAME,进入游戏,2,
ZONGHE,综合,,
DANGQIAN,当前,,
SHIJIE,世界,,
MENPAI,门派,,
BANGPAI,公会,,
DUIWU,队伍,,
SILIAO,私聊,,
LINSHI,临时,,
XITONG,系统,,
CHUANWEN,传闻,,
PANEL_TYPENAME,(%s),,
CHAT_SHUO,说：,,
CHAT_CHARU,插入,,
CHAT_FASONG,发  送,,
CHAT_SEND,发送,,
CHAT_BIAOQING,表情,,
CHAT_WUPIN,物品,,
CHAT_WU,宠物,,
CHAT_LISHI,历史,,
CHAT_PET_LEVEL,等级:%d,,
CHAT_ERROE_JINYAN,你现在被禁言，无法发送。,,
CHAT_ERROE_SHIJIAN,发送信息过于频繁，需要等待%d秒。,,
CHAT_ERROR_NOTEAM,你未加入队伍,,
CHAT_ERROR_MUBIAO,该目标不存在。,,
CHAT_ERROR_DENGJI,需要%d级才可以发送。,,
CHAT_ERROR_POWER_ENERGY,该频道发送需要消耗%d点行动力值和%d点活力值，你当前未满足条件,,
CHAT_ERROR_WUPINSHANGXIAN,一次最多只能发送%d个物品。,,
CHAT_ERROR_CHONGWUSHANGXIAN,最多只能发送%d只宠物。,,
CHAT_CONFIRM_SILIAOMINGZI,请输入私聊对象的名字,,
CHAT_ERROR_ZIFUSHANGXIAN,信息过长，请重新编辑（%d个字符以下）,,
CHAT_ERROR_NEIRONGBUNENGWEIKONG,输入信息不能为空！,,
CHARM_NOT_ENOUGH,当前魅力值为负数，不能发言！,,
CHARM_GET_TIPS,tips：收到好友鲜花会提升魅力值,,
CHAT_INPUT_SAYING,点击输入文字,,
JUNTUAN,公会,,
UNION_LEGION_TITLE,联盟,,
KUAFU_CHAT,跨服,,
CHAT_VOICE_TIPS1,按住说话,,
CHAT_VOICE_TIPS2,松开结束,,
CHAT_VOICE_TIPS3,手指上滑，取消发送,,
CHAT_VOICE_TIPS4,松开手指，取消发送,,
CHAT_VOICE_TIPS5,设备不支持语音输入！,,
CHAT_TYPE_VOICE,语音,,
VOICE_FILE_NO_FIND,该语音不存在，无法播放！,,
VOICE_FILE_PLAYING,正在播发语音，请稍后,,
CHAT_VOICE_OVER_MAX_TIME,超过最长录音时间（10秒），结束录音。,,
CHAT_VOICE_TIPS6,你不在门派中！,,
CHAT_VOICE_TIPS7,你未加入公会！,,
CHAT_VOICE_TIPS8,你未加入队伍！,,
CHAT_SEARCH_SELF,无法查找自己！,,
CHAT_QUESTION,智力抢答题目,,
CHAT_COUNTDOWN,倒数计时:%d,,
CURRENT_QUESTION,【智力抢答】%s,,
MSG_SYS,系统：,,
CHAT_TXT1,跨服频道不支持语音聊天！,,
CHAT_TXT2,跨服频道不支持查玩家信息！,,
CHAT_TXT3,该玩家已下线,,
CHAT_TXT4,聊天好友,,
CHAT_TXT5,查找玩家,,
CHAT_TXT6,当前没有聊天玩家,,
CHAT_TXT7,玩家不在线，不能语音聊天,,
ZHANSHI,展示,,
CHAT_ERROR_TOO_LONG,字数不能超过30个字。,,
CHANNEL_SAME_CONTENT_TIPS,相同内容不能重复发言！,,
CHANNEL_WORLD,[世界],
CHANNEL_TEAM,[队伍],,
CHANNEL_FACTION,[公会
CHANNEL_SYSTEM,[系统]
CHANNEL_CHAT,[私聊],,
SELF,自己,,
NOT_IN_ANY_TEAMS,您当前不在任何队伍。,,
CHAT_SEND_TOO_FAST,聊天间隔是5秒，请稍后再发送！,,
CHAT_SEND_TOO_FAST1,放置礼物的间隔是60秒，请稍后再尝试！,,
CHAT_SEND_TOO_FAST2,上传头像间隔是60秒，请稍后再尝试！,,
CHAT_SEND_NO_CHARM,当前魅力值为%d，不能发言！#br#cyanTIPS:收到鲜花会提升魅力值#br每分钟恢复%d点魅力，预计%d分钟后恢复发言,,
CHAT_SELECT_BUBBLE,选择气泡,,
CHAT_PLEASE_SELECT_BUBBLE,请选择气泡,,
CHAT_BUBBLE_NEED_VIP,VIP%d及以上可使用,,
CHAT_BUBBLE_ERROR,气泡未开启,,
SURE,确定,2,
CANCEL,取消,2,
CONFIRM_TITLE,系统提示,2,
MAOHAO,：,,
LEFT_KUOHAO,（,,
RIGHT_KUOHAO,）,,
HOUXUKAIFANG,功能后续开放,,


#物品,,,
ITEM_TXT1,武器,,
ITEM_TXT2,道具,,
ITEM_TXT3,消耗品,,
ITEM_TXT4,杂物,,
ITEM_TXT5,背包,,
ITEM_TXT6,经验,,
ITEM_TXT7,天赋石,,
ITEM_TXT8,道具,,
ITEM_TXT9,技能书,,
ITEM_TXT10,装备,,
ITEM_TXT11,选择,,
ITEM_TXT12,装备晋升,,
ITEM_TXT13,数量:,,
ITEM_TXT14,消耗数量:1,,
ITEM_TXT20,可装备,,
ITEM_TXT21,可更换,,
ITEM_TXT22,等级不足,,
ITEM_TXT23,可强化,,
ITEM_TXT24,推荐装备,,
ITEM_TXT26,穿戴角色,,
ITEM_TXT27,使用角色,,
ITEM_TXT28,基础%s+强化%s,,
ITEM_TXT29,可晋升,,
ITEM_TXT30,拥有：,,
ITEM_TXT31,需求：,,
ITEM_TXT32,类型：,,
ITEM_TXT33,部位：,,
ITEM_TXT34,等级：,,
ITEM_TXT35,职业：,,
ITEM_TXT36,通用,,,
ITEM_TXT37,评分：,,
ITEM_BASE_ATTR,基础属性：,,
ITEM_ADD_ATTR,附加属性,,
ITEM_COUNT_ERROR,物品数量不足,,
ITEM_FUNDS_ERROR,金币数量不足,,
ITEM_MAX_CHOOSE,最多选择%d个,2,
ITEM_DEADLINE_TIME,过期时间
HECHENGSHULIANG,数量不足，需要%d个,,
COMPOSE,合成,,
USE,使用,2,
BATCH_USE,批量,,
ITEM_USE_TIPS,您确定使用#yellow %s#rf吗？,,
ITEM_USE_TIPS1,您确定%s#yellow %s#rf吗？,,
ITEM_ALL_USE_TIPS,您确定批量使用#cyan %d #rf个%s吗？,,
ITEM_USE_LEVEL,使用等级:%d,,
ITEM_FIXED_PROPERTY,基础属性,2,
ITEM_APPEND_PROPERTY,附加属性,2,
ITEM_SKILL_PROPERTY,技能,2,
ITEM_SPECIAL_SKILL,技能,2,
ITEM_PROFESSION,职业要求,2,
ITEM_APPEND_PROPERTY_PREVIEW,附加属性(随机%d项),2,

MATRIAL_NOENGOUGH,材料不足,,
GOLD_NOENGOUGH,金币不足,,
DIAMAND_NOENGOUGH,元宝不足,,
CONFITION_NOENGOUGH,条件未达成,,
CROSS_SERVER_TIPS1,正在进入跨服服务器...,,
CROSS_SERVER_TIPS2,正在退出跨服服务器...,,
SCROE_NOENGOUGH,积分不足,,
EQUIP_SCORE,评分:%d,,
EQUIP_OWNER_MYSELF,主角,,
EQUIP_MAKE,获取,,

#装备部位
ROLE_EQUIP_TXT201,头盔,,
ROLE_EQUIP_TXT202,武器,,
ROLE_EQUIP_TXT203,衣服,,
ROLE_EQUIP_TXT204,戒指,,
ROLE_EQUIP_TXT205,项链,,
ROLE_EQUIP_TXT206,鞋子,,
ROLE_EQUIP_TXT207,披肩,,
ROLE_EQUIP_TXT208,腰带,,
ROLE_EQUIP_TXT209,披风,,
ROLE_EQUIP_TXT210,护腕,,

#通用,,,
COMMON_TXT1,玩法介绍,,
COMMON_TXT2,获取途径,,
COMMON_TXT3,恭喜您获得,,
COMMON_TXT4,今天不再提示,,
COMMON_TXT5,无法查找您自己,,
COMMON_TXT6,开启宝箱,,
COMMON_TXT7,打开宝箱可随机获得以下道具,,
COMMON_TXT8,宝箱开启,,
COMMON_TXT9,是否消耗#red%s#rf打开宝箱,,

#属性
PROPERTY_NAME_TXT1,生命：,,
PROPERTY_NAME_TXT2,攻击：,,
PROPERTY_NAME_TXT3,防御：,,
PROPERTY_NAME_TXT4,速度：,,
PROPERTY_NAME_TXT5,命中：,,
PROPERTY_NAME_TXT6,闪避：,,
PROPERTY_NAME_TXT7,暴击：,,
PROPERTY_NAME_TXT8,抗暴：,,
PROPERTY_NAME_TXT9,无视防御：,,
PROPERTY_NAME_TXT10,减免无视：,,
PROPERTY_NAME_TXT11,伤害增加：,,
PROPERTY_NAME_TXT12,伤害减少：,,
PROPERTY_NAME_TXT13,暴伤加成：,,
PROPERTY_NAME_TXT14,暴伤减免：,,
PROPERTY_NAME_TXT15,PVP伤加：,,
PROPERTY_NAME_TXT16,PVP伤减：,,
PROPERTY_NAME_TXT17,PVE伤加：,,
PROPERTY_NAME_TXT18,PVE伤减：,,

#关卡,,,
CAMPAIGN_TXT1,关卡排行,,
CAMPAIGN_TXT2,关卡,,
CAMPAIGN_TXT3,我的关卡:,,
CAMPAIGN_TXT4,关卡奖励,,
CAMPAIGN_TXT5,通关%s关卡奖励,,
CAMPAIGN_TXT6,关卡BOSS,,
CAMPAIGN_TXT7,查看排行,,
CAMPAIGN_TXT8,求助,,
CAMPAIGN_TXT9,已求助次数：%d/%d#br已协助他人次数：%d/%d,,
CAMPAIGN_TXT10,关,,
CAMPAIGN_TXT11,击败%s波后即可挑战BOSS,,

#社交-好友,,,
FRIENDS_TXT1,好  友,,
FRIENDS_TXT2,会话,,
FRIENDS_TXT3,好友,,
FRIENDS_TXT4,申请,,
FRIENDS_TXT5,黑名单,,
FRIENDS_TXT6,推荐好友,,
FRIENDS_TXT7,搜索,,
FRIENDS_TXT8,添加,,
FRIENDS_TXT9,拒绝,,
DELETE_FRIEND,删除好友,,
MOSHENGREN,陌生人,,
HAOYOU,好友,2,
INPUT_FRIEND_NAME_OR_ID,输入玩家名或ID  ,,
FRIEND_YUANFEN_STAR1,萍水相逢(%d),,
FRIEND_YUANFEN_STAR2,相识相知(%d),,
FRIEND_YUANFEN_STAR3,亲密无间(%d),,
FRIEND_YUANFEN_STAR4,肝胆相照(%d),,
FRIEND_YUANFEN_STAR5,生死之交(%d),,
YUAN_FEN_ZHI,缘分值:,,
DELETE_FRIEND_TIPS,长按玩家可以删除好友！,,
FRIEND_COUNT,好友人数:%s(当前在线:%d),,
NO_JUNTUAN,未加入公会,,
DELETE_CHAT,删除会话,,
TASK_PANEL_QIANWANG,前往,,
HU_LUE,忽略,,
ADD_FRIEND,添加好友,,
LIAO_TIAN,聊天,,
SONG_TI_LI,送体力,,
ONE_KEY_TO_SEND_POWER,一键赠送,,
ADD_BLACK,加入黑名单,,
NO_BLACK,取消黑名单,,
ADD_BLACK_TIPS,确定加入黑名单？,,
ADD_FRIENDS_TO_BLACK_TIPS,该玩家在您的好友列表中，拉进黑名单将会失去这个好友，是否确认？,,
ADD_BLACK_CONTENT,玩家%s#rf已被加入黑名单,,
HAD_ADD_BLACK,该玩家已在您的黑名单列表中！,,
NO_BLACK_PLAYER,黑名单里没有这个玩家！,,
BLACK_BTN_NAME,黑名单,,
HAVE_FRIEND_APPLY,收到好友申请消息，是否前往处理？,,
HAVE_FRIEND_CHAT,收到会话消息，是否前往处理？,,
HAVE_FRIEND_GROUP_CHAT,收到群聊消息，是否前往处理？,,
HAVE_FRIEND_GROUP_CHAT_INVITATE,收到群聊邀请，是否前往处理？,,
EMPTY_FRIENDS_TEXT1,暂时没有好友信息,,
EMPTY_FRIENDS_TEXT2,暂时没有好友信息2,,
EMPTY_FRIENDS_TEXT3,暂时没有好友信息3,,
EMPTY_FRIENDS_TEXT4,暂时没有好友信息4,,

ZHOUYI,周一,,
ZHOUER,周二,,
ZHOUSAN,周三,,
ZHOUSI,周四,,
ZHOUWU,周五,,
ZHOULIU,周六,,
ZHOURI,周日,,
ACTIVITY_PAY_TXT2,累计消费#YUANBAO%d,,
ACTIVITY_PAY_TXT3,结束时间:%s,,
ACTIVITY_PAY_TXT4,第%d天,,
ACTIVITY_PAY_TXT5,当前第%d天(%s),,
ACTIVITY_PAY_TXT51,当前第%d天,,
ACTIVITY_PAY_TXT6,领取,,
ACTIVITY_PAY_TXT70,未达成,,
ACTIVITY_PAY_TXT7,已领取,,
ACTIVITY_PAY_TXT8,未领取,,
ACTIVITY_PAY_TXT9,已结束,,
ACTIVITY_PAY_TXT10,累计充值,,
ACTIVITY_PAY_TXT11,累计消费,,
ACTIVITY_PAY_TXT12,累计#YUANBAO#cyan%d,,
ACTIVITY_PAY_TXT13,#YUANBAO#cyan%d,,
ACTIVITY_PAY_TXT14,今日已充值:#lime%d元,
ACTIVITY_PAY_TXT15,剩余时间:%s,
ACTIVITY_PAY_TXT16,前往充值,
ACTIVITY_PAY_TXT17,点击领取,
ACTIVITY_PAY_TXT18,充%d元,

ACTIVITY_PAY_TXT130,充值#YUANBAO#cyan%d,,
ACTIVITY_PAY_TXT131,消费#YUANBAO#cyan%d,,
ACTIVITY_PAY_TXT140,#navajowhite我的充值：#rf#YUANBAO#cyan%d,,
ACTIVITY_PAY_TXT141,#navajowhite我的消费：#rf#YUANBAO#cyan%d,,
ACTIVITY_PAY_TXT50,创建角色7天内，每天单笔充值#saddlebrown#YUANBAO%d#rf以上额度，即可获得超值物品奖励#saddlebrown（每天0点刷新）,,
ACTIVITY_PAY_TXT510,活动期间单笔充值指定额度可获得奖励，#saddlebrown每个额度奖励可多次充值获取,2,
ACTIVITY_PAY_TXT511,活动期间单笔消费指定额度可获得奖励，#saddlebrown每个额度奖励可多次消费获取,2,
ACTIVITY_PAY_TXT530,在活动结束之前，购买累计额度（元宝）即可领取奖励，#saddlebrown每一阶梯只能领取一次。,2,
ACTIVITY_PAY_TXT531,在活动结束之前，累计消费元宝达到以下设定数量即可领取奖励。,2,
ACTIVITY_PAY_TXT532,每天购买累计额度（元宝）即可领取奖励，#saddlebrown每一阶梯每天只能领取一次。,2,
ACTIVITY_PAY_TXT533,每天累计消费元宝达到以下设定数量即可领取奖励。,2,
ACTIVITY_PAY_TXT540,活动期间内，每天单笔充值#saddlebrown#YUANBAO%d#rf以上额度，即可获得超值物品奖励#saddlebrown（每天0点刷新）,,
ACTIVITY_PAY_TXT541,活动期间内，每天单笔消费#saddlebrown#YUANBAO%d#rf以上额度，即可获得超值物品奖励#saddlebrown（每天0点刷新）,,
ACTIVITY_PAY_TXT550,活动期间，累计充值额度多的玩家在活动结束时可以获得相应奖励！(额度相同，先达到的玩家排在前面),,
ACTIVITY_PAY_TXT551,活动期间，累计消费元宝多的玩家在活动结束时可以获得相应奖励！(额度相同，先达到的玩家排在前面),,
ACTIVITY_PAY_TXT552,活动期间，累计充值额度多的玩家在活动结束时可以获得相应奖励！(额度相同，先达到的玩家排在前面)#red每半小时刷新一次,,
ACTIVITY_PAY_TXT543,活动期间，累计消费元宝多的玩家在活动结束时可以获得相应奖励！(额度相同，先达到的玩家排在前面),,
ACTIVITY_PAY_TXT544,您确定要花费#yellow%d#rf元宝购买礼包吗？,,
ACTIVITY_PAY_TXT60,参与服务器：,,
PAY_CURRENCY_TITLE,台币,,
PAY_ACT_SevenDay,创角七天,,
PAY_ACT_SinglePay,单笔充值,,
PAY_ACT_SingleConsume,单笔消费,,
PAY_ACT_LimitDayPay,限时充值,,
PAY_ACT_LimitDayConsume,限时消费,,
PAY_ACT_DayAccumPay,每日累充,,
PAY_ACT_DayAccumConsume,每日累消,,
PAY_ACT_AccumPay,累计充值,,
PAY_ACT_AccumConsume,累计消费,,
PAY_ACT_SIGN_DAY,每日,,
PAY_ACT_SIGN_LIMIT,限时,,
PAY_ACT_SIGN_CROSS,跨服,,
PAY_ACT_RANK_INDEX,第%d名,,
PAY_ACT_RANK_NOONE,未有玩家上榜,,
PAY_ACT_RANK_NOT_ENTER,未上榜,,
PAY_ACT_MY_RANK,我的排名：,,
PAY_ACT_RETURN_RATIO,回馈%.1f倍,,
#剧情电影,,,
MOVIE_TXT1,跳过剧情,,
MOVIE_TXT2,请选择游戏角色性别,,
#获取途径,,,
QUICKGAIN_TXT1,默认描述,,
QUICKGAIN_TXT2,关卡,,
QUICKGAIN_TXT3,圣地,,
QUICKGAIN_TXT4,积分商城,,
QUICKGAIN_TXT5,商城购买,,
QUICKGAIN_TXT6,世界boss,,
QUICKGAIN_TXT7,趣味答题,,
QUICKGAIN_TXT8,溶解,,
QUICKGAIN_TXT9,抽将,,
QUICKGAIN_TXT10,副本,,
QUICKGAIN_TXT11,购买金币,,
QUICKGAIN_TXT12,购买元宝,,
QUICKGAIN_TXT13,关卡首通,,
QUICKGAIN_TXT14,海底逃生首通,,
QUICKGAIN_TXT15,竞技场连胜,,
QUICKGAIN_TXT16,竞技场首次排名,,
QUICKGAIN_TXT17,公会入驻,,
QUICKGAIN_TXT18,赠送行动力,,
QUICKGAIN_TXT19,购买行动力,,
QUICKGAIN_TXT20,主角等级,,
QUICKGAIN_TXT21,未开放,,
QUICKGAIN_TXT22,未通关,,
QUICKGAIN_TXT23,升级途径,,
QUICKGAIN_TXT24,由于没有足够的经验道具进行升级，建议您选择以下途径去获取经验值以及经验道具！,,
QUICKGAIN_TXT25,物品使用,,
QUICKGAIN_TXT26,使用道具,,
QUICKGAIN_TXT27,背包内没有#yellow%s,,
QUICKGAIN_TXT28,使用%s,,
QUICKGAIN_TXT29,购买活力,,
QUICKGAIN_TXT30,道具商场,,
QUICKGAIN_TXT31,公会仓库分配,,
QUICKGAIN_TXT32,完成创角七日任务有大量苹果赠送！,,
#邮件,,,
EMAIL,邮件,,
EMAIL_GET_ALL,一键领取,,
EMAIL_IS_NULL,当前没有可以领取的邮件,,
EMAIL_SENDER,发件人：%s,,
EMAIL_SENDER_SYSTEM,发件人：系统,,
EMAIL_EXIST_NO_READ,存在未处理的邮件，是否前往处理？,,
#玩家信息,,,
PLAYER_INFO_TABTEXT1,角色信息,,
PLAYER_INFO_TABTEXT2,守护信息,,
PLAYER_INFO_TABTEXT3,御灵,,
PLAYER_INFO_BR_ATTRTEXT0,#SWORD_YELLOW战斗力,,
PLAYER_INFO_BR_ATTRTEXT1,物攻,,
PLAYER_INFO_BR_ATTRTEXT2,法攻,,
PLAYER_INFO_BR_ATTRTEXT3,物防,,
PLAYER_INFO_BR_ATTRTEXT4,法防,,
PLAYER_INFO_BR_ATTRTEXT5,生命,,
PLAYER_INFO_BR_ATTRTEXT6,羁绊,,
PLAYER_INFO_BR_ATTRTEXT7,进阶,,
PLAYER_INFO_BR_ATTRTEXT8,蜕变,,
PLAYER_INFO_BR_TABTEXT1,技能,,
PLAYER_INFO_BR_TABTEXT2,天赋石,,
PLAYER_INFO_GI_ATTRTEXT1,暴击值,,
PLAYER_INFO_GI_ATTRTEXT2,抗暴值,,
PLAYER_INFO_GI_ATTRTEXT3,闪避值,,
PLAYER_INFO_GI_ATTRTEXT4,命中值,,
PLAYER_INFO_YL_TEXT1,全体角色属性增加,,

#设置,,,
SETTING_TXT1,音乐,,
SETTING_TXT2,音效,,
SETTING_TXT3,屏蔽玩家,,
SETTING_TXT4,好友申请,,
SETTING_TXT5,公告,,
SETTING_TXT6,分享,,
SETTING_TXT7,推送设置,,
SETTING_TXT8,联系客服,,
#公告,,,
NOTICE_TXT1,活动公告,,
NOTICE_TXT2,活动详情,,
NOTICE_TXT3,更新公告,,
NOTICE_TXT4,说明,,

#功能
Hero,主角,,
HeroEquip,装备,,
HeroSkill,技能,,
HeroRide,坐骑,,
HeroWing,翅膀,,
Pet,宠物,,
PetSkill,宠物技能,,
PetTongLin,通灵,,
PetSouHun,兽魂,,
XianLv,仙侣,,
XianLvStart,升星,,
XianLvFaZhen,法阵,,
XianLvXianWei,仙位,,
TianXian,天仙,,
TianXianWeapon,神兵,,
TianXianDanYao,丹药,,
TianXianJingMai,经脉,,
TianNv,天女,,
TianNvXianQi,仙器,,
TianNvHuaNian,花辇,,
TianNvLingQi,灵气,,

#宠物
PET_TXT1,宠物,,
PET_TXT2,通灵,,
PET_TXT3,兽魂,,
PET_TXT4,消耗,,
PET_TXT5,升级,,
PET_TXT6,技能,,
PET_TXT7,#redTIPS：洗练时#saddlebrown#br【被动】触发技能同类型仅会出现一种#br【固定】属性技能最多可出现2个同种类型,,
PET_TXT8,#SUO锁定#saddlebrown%s个#ublack技能，洗练时需要消耗#saddlebrown%s元宝,,
PET_TXT9,级,,
PET_TXT10,阶,,
PET_TXT11,属性,,
PET_TXT12,阶解锁,,
PET_TXT13,当前效果,,
PET_TXT14,下级效果,,
PET_TXT15,激活条件,,
PET_TXT16,达到%s阶激活,,
PET_TXT17,宠物总战力：#lime,,
PET_TXT18,已激活：#lime,,
PET_TXT19,宠物改名,,
PET_TXT20,改名最多可输入6个字,,
PET_TXT21,新名字,,
PET_TXT22,宠物资质,,
PET_TXT23,#br#ublack需求：,,
PET_TXT24,宠物上阵,,
PET_TXT25,出战,,
PET_TXT26,备战1,,
PET_TXT27,备战2,,
PET_TXT28,宠物技能,,
PET_TXT29,消耗,,
PET_TXT30,当前技能,,
PET_TXT31,洗练技能,,
PET_TXT32,洗练,,
PET_TXT33,高级洗练,,
PET_TXT34,更换,,
PET_TXT35,可提升#lime%s#white战斗力,,
PET_TXT36,宠物永久加成属性,,
PET_TXT37,未激活,,
PET_TUJIAN,图鉴,,
PET_SHENCHONG,神宠,,
PET_TURN,幻化,,
PET_GET_TURN,已幻化,,
AUTO_BUY,自动购买,,
STOP,停止,,
PET_UPGRADE,升阶,,
PET_AUTO_UPGRADE,自动升阶,,
NOT_OPEN,未开放,,
PET_SIGN_TXT1,休息,,
PET_SIGN_TXT2,出战,,
NATURL_0,初级,,
NATURL_1,中级,,
NATURL_2,高级,,
NATURL_3,神级,,

#技能
SKILL_TYPE0,类型：主动技能,,
SKILL_TYPE1,类型：固定技能,,
SKILL_TYPE2,类型：被动技能,,
SKILL_TXT1,#orange技能说明#br#white,,
SKILL_TXT2,#orange技能效果#br#white,,
SKILL_TXT3,#orange下一级效果#br#white,,
SKILL_TXT4,#cyan升级条件#br#white,,
SKILL_TXT5,仙侣星级达到%s星,,
SKILL_TXT6,增加,,

#角色
ROLE_TXT10,消耗%s%s#JINBI#rf%d,,
ROLE_TXT11,装备,,
ROLE_TXT12,技能,,
ROLE_TXT13,坐骑,,
ROLE_TXT14,翅膀,,
ROLE_TXT15,技能设置,,
ROLE_TXT16,一键穿戴,,
ROLE_TXT17,自动购买,,
ROLE_TXT18,升阶,,
ROLE_TXT19,自动升阶,,
ROLE_TXT20,激活,,
ROLE_TXT21,未开放,,
ROLE_TXT22,#orange可提升战力%d,,
ROLE_TXT23,升级,,
ROLE_TXT24,一键换装,,
ROLE_TXT25,一键升级,,
ROLE_TXT26,技能配置,,
ROLE_TXT27,技能设置后，战斗中将根据顺序释放技能,,
ROLE_TXT28,#space_10等级：#green%d,,
ROLE_EXP,经验：#green%s/%s,,
ROLE_TXT29,未开放,,
ROLE_TXT30,#ublack%s,,
ROLE_TXT31,已满级,,
ROLE_TXT32,造成了%d伤害,,
ROLE_TXT33,亿,,
ROLE_TXT34,Lv.%d,,
ROLE_TXT35,上移,,
ROLE_TXT36,%d阶激活,,
ROLE_TXT37,皮肤,,
ROLE_TXT38,万,,
ROLE_TXT39,%d阶,,
ROLE_TXT40,翅膀皮肤,,
ROLE_TXT41,翅膀属性丹,,
ROLE_TXT42,时装,,
ROLE_TXT43,称号,,
ROLE_SKIN_TXT3,坐骑皮肤总战力：#green%d#rf#space_55已激活坐骑皮肤：#green%d,,
ROLE_SKIN_TXT1,激活属性加成#br#br#green%s,,
ROLE_SKIN_TXT2,%s#red(%d/%d),,
ROLE_SKIN_TXT4,%s,,
ROLE_SKIN_TXT5,生命：%d#br,,
ROLE_SKIN_TXT6,攻击：%d#br,,
ROLE_SKIN_TXT7,防御：%d#br,,
ROLE_SKIN_TXT8,速度：%d#br,,
ROLE_SKIN_TXT9,永久加成属性,,
ROLE_SKIN_TXT10,生命：#green%d#space#rf,,
ROLE_SKIN_TXT11,攻击：#green%d#space#rf,,
ROLE_SKIN_TXT12,防御：#green%d#space#rf,,
ROLE_SKIN_TXT13,速度：#green%d#space#rf,,
ROLE_MOUNT_DAN_TXT1,已使用：#green%d,,
ROLE_MOUNT_DAN_TXT2,生命：#green%d#space#rf攻击：#green%d#space#rf防御：#green%d,,
ROLE_MOUNT_DAN_TXT3,当前背包拥有：#green%d个,
ROLE_MOUNT_DAN_TXT4,为主人加成属性,,
ROLE_MOUNT_DAN_TXT5,#blue来源充值活动,,
ROLE_FMAN_TXT1,#orange当前效果：%s#br#br#rf无视防御+%d#space_10减少无视+%d,,
ROLE_FMAN_TXT2,#gray下个效果：%s#br#br无视防御+%d#space_10减少无视+%d#br#br#green可提升%d战斗力,,
ROLE_OFFLINE_DES,背包已满，自动出售#green%d#rf件装备,,
SETTING_RETURN_LOGIN,返回登录,,
SETTING_SERVER_TIME,服务器时间,,
ROLE_ADD_tips_1,银两不足,,
ROLE_ADD_tips_2,当前所有技能等级已达到玩家等级,,
ROLE_ADD_tips_3,该技能等级不能超过玩家等级,,
ROLE_ADD_tips_4,属性丹数量不足,,
ROLE_LEVEL_OPEN,级开放,,
ROLE_PROPERTY,人物属性,,

FABAO_TITLE_TXT1,法宝,,
FABAO_TITLE_TXT2,升级,,
FABAO_TITLE_TXT3,打造,,
FABAO_TITLE_TXT4,分解,,
FABAO_TXT1,注：双击佩戴或更换法宝，不可佩戴同类型的法宝,,
FABAO_DAZAO_TXT1,#lime法书,,
FABAO_DAZAO_TXT2,#lime神铁,,
FABAO_DAZAO_TXT3,已累计：%d次,,
FABAO_DAZAO_TXT4,来源: ,,
FABAO_DAZAO_TXT5,累计20次#orange完美打造#rf法宝，必定出完美法宝#blue(完美法宝有特技),,
FABAO_FENJIE_TXT1,注： 锁定的法宝不会被分解,,
FABAO_FENJIE_TXT2,法宝分解可获得法宝升级石,,
FABAO_FENJIE_TXT3,可获得法宝升级石： ,,
FABAO_QUALITY_TXT1,传说,,
FABAO_QUALITY_TXT2,完美,,
FABAO_QUALITY_TXT3,卓越,,
FABAO_QUALITY_TXT4,稀有,,
FABAO_QUALITY_TXT5,精良,,
FABAO_QUALITY_TXT6,普通,,
FABAO_QUALITY_TXT7,级别：,,
FABAO_DAZAO_PUTONG,普通打造,,
FABAO_DAZAO_WANMEI,完美打造,,
FABAO_QUALITY_TITLE,其他,,
FABAO_TIPS_TXT1,打造法宝材料不足,,
FABAO_TIPS_TXT2,其他槽位已装备该类型法宝,,
FABAO_NAME,未穿戴,,
FABAO_JIESUO,级解锁,,
FABAO_UPGRADE_TXT1,基础属性加成%d%,,
FABAO_DAZAOZHE,打造者：,,


#锻造
FORGE_TXT1,强化,,
FORGE_TXT2,精炼,,
FORGE_TXT3,锻造,,
FORGE_TXT4,宝石,,
FORGE_XIANGQIAN,镶嵌,,
FORGE_TXT5,+%d,,
FORGE_TXT6,全身强化,,
FORGE_TXT7,全身精炼,,
FORGE_TXT8,全身锻造,,
FORGE_TXT9,全身宝石,,
FORGE_TXT10,#BAOSHI#rf攻击宝石#space_10,,
FORGE_BAOSHI_SHENGMING,#BAOSHI#rf生命宝石#space_10,,
FORGE_BAOSHI_GONGJI,#BAOSHI#rf攻击宝石#space_10,,
FORGE_BAOSHI_FANGYU,#BAOSHI#rf防御宝石#space_10,
FORGE_TXT11,获取银两,,
FORGE_TXT12,获取精炼石,,
FORGE_TXT13,获取锻造石,,
FORGE_TXT14,获取宝石精华,,
FORGE_BTN,一键%s,,
FORGE_COST,消耗:%s#space_10%s%d#lime/%d,,
FORGE_SHULIANDU,(%d/%d),,
FORGE_TOTALDES,生命+%d#space_55#green生命+%d#rf#br#br攻击+%d#space_55#green攻击+%d,,
FORGE_LEVEL_DES_TRUE,#yellow%s+%d,,
FORGE_LEVEL_TRUE,#lime已激活,,
FORGE_LEVEL_DES_FALSE,#orange无,,
FORGE_LEVEL_FALSE,未激活,,
FORGE_MANJI,#rf已满级,,
FORGE_SHENGMING,生命+,,
FORGE_GONGJI,攻击+,,
FORGE_FANGYU,防御+,,
FORGE_LEVEL_DES,%s#br#br%s,,
FORGE_LEVEL_EFFECT,当前效果：,,
FORGE_LEVEL_EFFECT_NEXT,下级效果：,,
FORGE_LEVEL_EFFECT_SIGLE,%s+%d,,
FORGE_LEVEL_ZHANLI,可提升%d战斗力,,
FORGE_LEVEL_EFFECT_DES,%s#br#br%s#br#br%s,,
#玩家详情
PALYER_DETAILS_TXT1,修改昵称,,
PALYER_DETAILS_TXT2,更改头像,,
PALYER_DETAILS_TXT3,系统设置,,
PALYER_DETAILS_TXT4,#green复制昵称,,
PALYER_DETAILS_TXT5,昵称：%s#br#br性别：%s#br#br等级：%s#br#br帮会：%s,,
PLAYER_DETAILS_TXT6,玩家详情,,
PLAYER_DETAILS_TXT7,无,,
PLAYER_DETAILS_TXT8,与当前名字一致,,
PLAYER_DETAILS_TXT9,暂未开启,,
PLAYER_DETAILS_TXT10,命名不规范,,
PLAYER_DETAILS_NAME_LIMIT,命名不能超过七个字,,
#改名
RENAME_TXT1,第一次免费改名,,
RENAME_TXT2,改名,,
RENAME_TXT3,改名：,,
RENAME_TXT4,确定,,
RENAME_TXT5,取消,,
RENAME_TXT6,请输入,,
#获取途径
ACCESS_TXT1,银两兑换,,
ACCESS_TXT2,获取材料,,
ACCESS_TXT3,兑换4小时离线收益银两,,
ACCESS_TXT4,剩余%d次,,
ACCESS_TXT5,VIP4每天可再购买2次,,
ACCESS_TXT6,兑换,,
ACCESS_TXT7,材料不足，可通过以下方式获得,,
ACCESS_TXT8,其他途径,,
ACCESS_TXT9,#YUANBAO#green%d,,
ACCESS_TXT11,充值,,
ACCESS_TXT10,#green材料副本,,
ACCESS_TXT12,购买,,
ACCESS_MONEY_GET,银两：#JINBI%d,,
ACCESS_MONEY_COST,消耗：%s/1,,
ACCESS_SHANGDIAN,商店购买,,
ACCESS_NOT_ENOUGH,银两兑换令不足,,
ACCESS_NOT_TWICE,次数不足,,

#仙侣
XIANLV_TXT1,仙侣总战力：#green%d#space#rf已激活：#green%d#space#rf已出战：#green%d/2,,
XIANLV_TXT2,休息,,
XIANLV_TXT3,出战,,
XIANLV_TXT4,%s#redx%d#br#br#rf拥有：%s,,
XIANLV_TXT5,#green获取材料,,
XIANLV_TXT6,#blue%s#br#rf拥有：%s,,
XIANLV_TXT7,%d/%d,,
XIANLV_TXT8,仙侣永久加成属性,,
XIANLV_TXT9,#green%d级,,
XIANLV_TXT10,#yellow升级条件#br#br#rf仙侣星级达到#green%d#rf星,,
XIANLV_TXT11,法阵,,
XIANLV_TXT12,仙位,,
XIANLV_QIYUAN_TXT1,仙侣奇缘#space#green%d级,,
XIANLV_QIYUAN_TXT2,#yellow当前效果#br#br#space_55#rf无视防御:%d#br#br#space_55减免无视:%d,,
XIANLV_QIYUAN_TXT3,#yellow下级效果#br#br#space_55#gray无视防御:%d#br#br#space_55减免无视:%d#rf#br#br仙侣总等级达到#green%d阶#rf可激活#br#br当前总等级：#green %d,,
XIANLV_PROPERTY_TXT1,无视防御:#green%d#rf#space减免无视:#green%d,,

#竞技场,,,
JJC_TXT1,竞技场,,
JJC_TXT2,天下第一,,
JJC_TXT3,第,,
JJC_TXT4,名,,
JJC_TXT5,剩余挑战次数：#lime%d,,
JJC_TXT6,每天21点结算,,
JJC_TXT7,不可以挑战自己,,
JJC_TXT8,竞技排行,,
JJC_TXT9,奖励,,
JJC_TXT10,挑战记录,,
JJC_TXT11,#lime你#ublack挑战了#red,,

#帮会,,,
CLUB_TXT1,帮会,,
CLUB_TXT2,帮会列表,,
CLUB_TXT3,创建帮会,,
CLUB_TXT4,帮会大厅,,
CLUB_TXT5,帮会上香,,
CLUB_TXT6,帮会副本,,
CLUB_TXT7,帮会技能,,
CLUB_TXT8,帮会活跃,,
CLUB_TXT9,帮会商店,,
CLUB_TXT10,帮会地图,,
CLUB_TXT11,帮会战,,
CLUB_TXT12,公告,,
CLUB_TXT13,名字,,
CLUB_TXT14,帮主：%s,,
CLUB_TXT15,人数,,
CLUB_TXT16,资金：%s,,
CLUB_TXT17,等级：%s,,
CLUB_TXT18,查看申请,,
CLUB_TXT19,帮会捐献,,
CLUB_TXT20,成员信息,,
CLUB_TXT21,帮会列表,,
CLUB_TXT22,修改公告,,
CLUB_TXT23,创建帮会,,
CLUB_TXT24,请输入帮会名字,,
CLUB_TXT25,帮会成员,,
CLUB_TXT26,退出,,
CLUB_TXT27,帮会活跃,,
CLUB_TXT28,每日奖励,,
CLUB_TXT29,帮会活跃#space_10Lv.%d,,
CLUB_TXT30,当前属性:,,
CLUB_TXT31,下级属性,,
CLUB_TXT32,帮会采集(%d/%d),,
CLUB_TXT33,帮会小怪(%d/%d),,
CLUB_TXT34,消耗：#saddlebrown%s,,
CLUB_TXT37,今日香火值进度：#green%s#rf,,
CLUB_TXT38,今日香火值次数：#green%s#rf,,
CLUB_TXT39,%s#space#green%s#rf#space上了一柱#space_10#cyan%s#rf,,
CLUB_TXT40,等级上限:%s,,
CLUB_TXT41,消耗：#HONGDIAN%d,,
CLUB_TXT42,只有帮主或副帮主才可以进行此操作,,
CLUB_TXT43,同意,,
CLUB_TXT44,拒绝,,
CLUB_TXT45,捐献,,
CLUB_TXT46,在线,,
CLUB_TXT47,离线%s,,
CLUB_TXT48,我的职位：,,
CLUB_TXT49,我的贡献：,,
CLUB_TXT50,领取,,
CLUB_TXT51,未达成,,
CLUB_TXT52,活跃%d级,,
CLUB_TXT53,请填写帮会名字,,
CLUB_TXT54,帮会名字不能超过6个字,,
CLUB_TXT55,申请,,
CLUB_TXT56,创建消耗：#YUANBAO#saddlebrown%d#rf,,
CLUB_TXT57,敬请期待,,
CLUB_TXT58,%s(Lv.%d),,
CLUB_TXT59,帮主：%s,,
CLUB_TXT60,帮贡：%s,,
CLUB_TXT61,战力：%s,,
CLUB_TXT62,%s【%s】#rf#ublack%s#br帮贡：%s#br战力：%s,,
CLUB_TXT63,是否退出公会?,,
CLUB_TXT64,您是帮主，退出帮会前请先转让您的职务,,
CLUB_TXT65,未知,,
CLUB_TXT66,任命%s担任%s,,
CLUB_TXT67,是否将%s移除出帮会,,
CLUB_TXT68,今日活跃值达到%d点#lime(%d/%d)#rf,,
CLUB_TXT69,活跃等级已达到上限,,
CLUB_TXT70,帮会活跃经验不足,,

CLUB_TXT71,檀木香,,
CLUB_TXT72,紫沉香,,
CLUB_TXT73,龙头香,,

CLUB_TXT74,需战力：,,
CLUB_TXT75,需审核,,
CLUB_TXT76,%d级帮会#br#lime（VIP%d可创建）#br#ublack可容纳#lime%d#ublack帮会成员,,
CLUB_TXT77,长度限制50字以内,,
CLUB_TXT78,帮会申请,,
CLUB_TXT79,改,,
CLUB_TXT80,招,,
CLUB_TXT81,上香,,
CLUB_TXT82,+%s#rf帮会经验#br+%s#rf帮贡#br+%s#rf香火值,,
CLUB_TXT83,创建队伍,,
CLUB_TXT84,快速加入,,
CLUB_TXT85,队长,,
CLUB_TXT86,踢,,
CLUB_TXT87,几率掉落,,
CLUB_TXT88,任命,,
CLUB_TXT89,踢出,,

CLUB_TXT90,帮会改名,,
CLUB_TXT91,当前经验不足,,
CLUB_TXT92,奖励预览,,
CLUB_TXT93,任务,,
CLUB_TXT94,次数,,
CLUB_TXT95,单次经验,,
CLUB_TXT96,活跃%s级,,
CLUB_TXT97,自动,,
CLUB_TXT98,一键完成,,
CLUB_TXT99,人数：(%s),,
CLUB_TXT100,【%s】帮会正在招兵买马，老大带领兄弟姐妹们吃香喝辣,,
CLUB_TXT101,消耗：#BANG_GONG#little_space,,

CLUB_TXT102,是否花费%s元宝一键完成帮会任务,,
CLUB_TXT103,时间：每天#lime12-13点#white开启帮会召集#br#br说明：在帮会期间进行#lime帮会采集#white和#lime帮会小怪#white任务能获得多倍进度,,
CLUB_TXT104,帮会召集,,
CLUB_TXT105,重置,,

CLUB_TXT106,帮会兑换,,
CLUB_TXT107,刷新商店,,
CLUB_TXT108,刷新倒计时：%s#br可刷新次数：#lime%d,,
CLUB_TXT109,是否花费180元宝刷新兑换列表,,

CLUB_TXT110,加入帮会,,
CLUB_TXT111,香火值可领取,,

CLUB_TXT112,帮会记录,,
CLUB_TXT113,帮会%s级开启,,
CLUB_TXT114,协助他人通关副本收益次数，可获得协助奖励。每天协助次数#lime（%d/%d）,,
CLUB_TXT115,#red帮会%s级可参加,,
CLUB_TXT116,剩余收益次数#br#lime（%d/%d）,,

CLUB_POS_1,帮主,,
CLUB_POS_2,副帮主,,
CLUB_POS_3,成员,,


#天仙
TIANXIAN_TXT1,天仙,,
TIANXIAN_TXT2,神兵,,
TIANXIAN_TXT3,丹药,,
TIANXIAN_TXT4,经脉,,
TIANXIAN_MAXLEVEL,已达最大等级,,
TIANXIAN_ZHANLI,#green战力+,,
TIANXIAN_SHUXING,属性加成,,

#boss
BOSS_TXT1,个人BOSS,,
BOSS_TXT2,全民BOSS,,
BOSS_TXT3,野外BOSS,,
BOSS_TXT4,生死劫,,
BOSS_TXT5,剩余次数：,,
BOSS_TXT6,几率掉落：,,
BOSS_TXT7,前往击杀,,
BOSS_TXT8,挑战次数：#green%s,,
BOSS_TXT9,恢复计时 %s,,
BOSS_TXT10,BOSS提醒设置,,
BOSS_TXT11,争夺人数：%s人,,
BOSS_TXT12,查看击杀记录,,
BOSS_TXT13,%s后重生,,
BOSS_TXT14,复活并挑战,,
BOSS_TXT15,下次刷新%s,,
BOSS_TXT16,野外BOSS,,
BOSS_TXT17,进入,,
BOSS_TXT18,主角%s级可进入,,
BOSS_TXT19,查看记录,,
BOSS_TXT20,上章未通关,,
BOSS_TXT21,已通关,,
BOSS_TXT22,BOSS提醒,,
BOSS_TXT23,BOSS,,
BOSS_TXT24,等级,,
BOSS_TXT25,提醒状态,,
BOSS_TXT26,复活时提醒,,
BOSS_TXT27,挑战,,
BOSS_TXT28,挑战等级：%s,,
BOSS_TXT29,进入条件：%s,,
BOSS_TXT30,逃跑时间：%s,,
BOSS_TXT31,BOSS当前归属：%s,,
BOSS_TXT32,1.击杀BOSS后，掉落属于拥有归属权的玩家#br2.要抢占BOSS，必须击败当前BOSS归属的玩家#br3.玩家拥有BOSS归属权3分钟后即算击杀BOSS#br4.重复挑战BOSS不需要再消耗挑战令,,
BOSS_TXT33,第%s劫(%s),,
BOSS_TXT34,开启宝箱,,
BOSS_TXT35,%s秒后开启副本,,
BOSS_TXT36,%s秒后自动快速加入,,
BOSS_TXT37,等级：,,
BOSS_TXT38,战力：,,
BOSS_TXT39,%s级开启,,
BOSS_TXT40,刷新时间：,,
BOSS_TXT41,逃跑时间：BOSS刷出25分钟后,,
BOSS_TXT42,逃跑时间：,,
BOSS_TXT43,未满足,,
BOSS_TXT44,已满足,,
BOSS_TXT45,已击杀,,
BOSS_TXT46,已逃跑,,
BOSS_TXT47,通过上一关开启,,
BOSS_TXT48,一键扫荡,,
BOSS_TXT49,通关奖励,,
BOSS_TXT50,助力他人首通生死劫，可获协助奖励#br每天助攻奖次数#lime(%s/%s),,
BOSS_TXT51,先通关前置关,,
BOSS_TXT52,等级达到%s级才能挑战,,
COPY_TXT1,材料副本,,
COPY_TXT2,龙王宝藏,,
COPY_TXT3,小雷音寺,,
COPY_TXT4,天庭试练,,
COPY_TXT5,今天可购买扫荡次数：%s,,
COPY_TXT6,挑战,,
COPY_TXT7,扫荡,,
COPY_TXT8,星级排名,,
COPY_TXT9,排名,,
COPY_TXT10,名字,,
COPY_TXT11,战力,,
COPY_TXT12,总星级,,
COPY_TXT13,免费扫荡,,
COPY_TXT14,达到VIP%s可增加%s次购买扫荡,,
COPY_TXT15,今天扫荡的购买次数已用完,,
COPY_TXT16,元宝不足,,
COPY_TXT17,第%s关,,
COPY_TXT18,先通关第%s关,,
COPY_TXT19,%s#space%s关,,
COPY_TXT20,通关,,
COPY_TXT21,雷音寺排行,,
COPY_TXT22,龙王宝藏%s,,
COPY_TXT23,天庭试练,,
COPY_TXT24,%s层,,
#日常
DAILY_TXT1,东海降妖,,
DAILY_TXT2,组队历练,,
DAILY_TXT3,每日300,,
DAILY_TXT4,西游历练,,
DAILY_TXT5,生命#space#yellow%d,,
DAILY_TXT6,攻击#space#yellow%d,,
DAILY_TXT7,防御#space#yellow%d,,
DAILY_TXT8,地图剩余妖魔：#green%d/5,,
DAILY_TXT9,一键完成,,
DAILY_TXT10,前往击杀,,
DAILY_TXT11,已领取,,
DAILY_TXT12,下一次刷新时间：#green%s,,
DAILY_TXT13,领取,,
DAILY_TXT14,VIP%d开启一键完成,,
DAILY_PRIZE_TXT1,100奖励,,
DAILY_PRIZE_TXT2,200奖励,,
DAILY_PRIZE_TXT3,300奖励,,
DAILY_BOSS_TXT1,日常BOSS%d#space_10%s,,
DAILY_BOSS_TXT3,目标：#green5回合内击败妖魔,,
DAILY_BOSS_TXT2,%s星奖励：#green%s奖励#space#space#rf,,
DAILY_LILIAN_TXT1,点,,
DAILY_PRIZE_TIPS,奖励展示,,
DAILY_FIND,找回,,
DAILY_ONEKEY_FIND,一键找回,,
DAILY_NAME,名称,,
DAILY_TWICE,次数,,
DAILY_EXP,单次经验,,
DAILY_OPTION,操作,,
DAILY_JIHUO,%d级激活,,
DAILY_FIND_NUM,可找回%d点,,
DAILY_TWICE_NUM,%d点/次,,
DAILY_TIPS,不再提示,,
DAILY_TIPS_COST,是否花费%d元宝找回%d点历练经验,,
DAILY_DES_TIPS_TXT1,消灭10次经验妖魔可获得以下额外奖励,,
DAILY_DES_TIPS_TXT2,完成10次组队副本可获得以下奖励,,
DAILY_DES_TIPS_TXT3,每天消灭300波怪，每100波就可以获取奖励,,

#活动列表
ACTIVITY_TXT1,活动还没开始,,
ACTIVITY_TXT2,开启倒计时,,
ACTIVITY_TXT3,活动正在进行,,
ACTIVITY_TXT4,活动已经结束,,
ACTIVITY_TXT5,活动,,
ACTIVITY_TXT6,每天,,
ACTIVITY_TXT7,活动已经结束，是否退出？,,
ACTIVITY_TXT10,#yellow%s#rf正在进行，是否前往参与？,,
ACTIVITY_TXT11,入侵时间:#rf%s#brBOSS气血：,,
ACTIVITY_TXT12,护送时间:全天，%s双倍#br护送次数：#lime%s,,
ACTIVITY_TXT13,活动时间:#rf12:00~12:10#br上届冠军：#lime暂无,,
ACTIVITY_TXT14,活动时间:#rf10:00~11:30#br每周一，三，五开启,,
ACTIVITY_TXT15,活动时间:#rf10:00~11:30#br每周二，四，六开启,,
ACTIVITY_TXT16,不在活动时间,,
ACTIVITY_NOT_REFRESH,未刷新,,
ACTIVITY_GO,马上前往,,
ACTIVITY_QUESTION_TXT1,开始答题,,
ACTIVITY_QUESTION_TXT2,我的分数:#yellow%d
ACTIVITY_QUESTION_TXT3,双倍积分,,
ACTIVITY_QUESTION_TXT4,帮我选择,,
ACTIVITY_QUESTION_TXT5,回答正确,,
ACTIVITY_QUESTION_TXT6,回答错误,,
ACTIVITY_QUESTION_TXT7,答对时可获得双倍积分！,,
ACTIVITY_QUESTION_TXT8,自动选择正确的答案！    ,,
ACTIVITY_QUESTION_TXT9,确认退出趣味答题吗？,,
ACTIVITY_QUESTION_TXT10,剩余题目:%d,,
#背包
BEIBAO_EQUIP,装备,,
BEIBAO_PROP,道具,,
BEIBAO_SMELT_DES,多余装备可进行熔炼#br熔炼可获得#purple银两#rf和#purple精炼石#br#blue熔炼时回收无用的装备#br#rf请您放心使用,,

#充值,,,
PAY_TXT1,充值,,
PAY_TXT2,充值完所有档次后，重置双倍返利,,
PAY_TXT3,恭喜VIP已达到最大等级,,
PAY_TXT4,再充值#saddlebrown%s元#ublack可成为#saddlebrownVIP%s,,
PAY_TXT5,每日送%s元宝,,
PAY_TXT6,首充送%s元宝,,
PAY_TXT7,领取礼包,,
GOT_GOLD,恭喜您通过储值获得#orange %d#rf元宝,,
PAY_SUCCESS,充值成功,,
MONTH_ACTIVITY_TIME,月卡剩余%s天,,
VIP_TXT1,VIP,,

#引导相关,,,
GUIDE_TXT1,通过关卡#yellow%s#rf开启,,
GUIDE_TXT2,元宝,,
GUIDE_TXT3,等级达到%s后开启,,
GUIDE_TXT4,确定选择性别：%s,,
GUIDE_TXT5,男,,
GUIDE_TXT6,女,,
GUIDE_TXT7,通过关卡#yellow%s#rf才可操作,,
GUIDE_TXT8,【%s】在圣地击杀了【%s】，获得首杀,,
GUIDE_TXT9,系统预告,,
GUIDE_TXT10,条件:,,
#空描述,,,
EMPTY_DEFAULT_TEXT,什么都没有哦！,,
EMPTY_EMAIL_TEXT,没有邮件哦！,,
EMPTY_SHANGZHENJUESE_TEXT,找不到角色信息哦！,,
EMPTY_FRIENDS_TEXT1,没有会话哦！,,
EMPTY_FRIENDS_TEXT2,没有好友哦！,,
EMPTY_CLUB_TEXT,没有收到申请哦！,,
EMPTY_TEAM_TEXT,没有队伍哦！,,

#天女
TIANNV_TITLE_TXT1,天女,,
TIANNV_TITLE_TXT2,仙器,,
TIANNV_TITLE_TXT3,花辇,,
TIANNV_TITLE_TXT4,灵气,,

#西游护送
ESCORT_TIPS_TXT1,是否消耗#orange430元宝#rf一键刷到#orange橙色马车,,
ESCORT_TIPS_TXT2,#green注：优先使用绑定元宝,,
ESCORT_TIPS_TXT3,确定是否在非双倍活动时间内护送,,
ESCORT_TIPS_TXT4,#green11:00-13:00和23:00-01:00奖励翻倍,,
ESCORT_TIPS_TXT5,是否消耗#yellow橙镖令#rf刷新到#yellow橙色镖车,,
ESCORT_TIPS_TXT6,确定是否花费#yellow300元宝快速完成,,
ESCORT_TIPS_TXT7,护送次数为零，不能前往护送,,
ESCORT_DES_TXT1,护送#orange橙色马车#rf被拦截无损失,,
ESCORT_TXT1,护送次数：#lime,,
ESCORT_TXT2,拦截次数：#lime,,
ESCORT_TXT3,快速完成,,
ESCORT_TXT4,护送时间#space,,
ESCORT_TXT5,当前环数：%d/%d,,
ESCORT_TXT6,镖车,,
ESCORT_RECORD_TXT1,复仇,,
ESCORT_RECORD_TXT2,已复仇,,
ESCORT_RECORD_TXT3,失败,,
ESCORT_RECORD_TXT4,复仇成功,,
ESCORT_BOX_TXT1,不能拦截自己的镖车,,
ESCORT_ROBBER_TXT1,姓名:,,
ESCORT_ROBBER_TXT2,帮会:,,
ESCORT_ROBBER_TXT3,战力:,,
ESCORT_RECORD_TXT4,#rf抢夺了我的,,
ESCORT_RECORD_TXT5,我拦截了%s#rf的,,
ESCORT_RECORD_TXT6,成功,,
ESCORT_RECORD_TXT7,#GANTANHAO#green复仇成功可双倍取回奖励并全服公告,,
ESCORT_PRIZE,护送奖励,,
ESCORT_TITLE,西游护送,,
ESCORT_HUSONG,护送,,
ESCORT_GOTO,前往拦截,,
ESCORT_REFRESH,刷新,,
ESCORT_ONEKEY,一键刷新,,
ESCORT_TIPS,提示,,
ESCORT_ROBBER,拦截记录,,
ESCORT_ROBBER_PRIZE,拦截奖励,,
ESCORT_REVENGE_PRIZE,复仇奖励,,
ESCORT_REVENGE,复仇,,

#商店
SHOP_TXT1,装备商店,,
SHOP_TXT2,#green限购(%d/%d),,
SHOP_TXT3,#orange已售罄,,
SHOP_TXT4,#green无限制,,
SHOP_TXT5,购买,,
SHOP_TXT6,#green战力:%d,,
SHOP_TXT7,橙色装备穿戴可增加大量战力，分解橙色装备可以百分百回收橙装碎片,,
SHOP_TIAOJIAN_TXT1,等级达到%d解锁,,
SHOP_TIAOJIAN_TXT2,通关%d级解锁,,
SHOP_TIAOJIAN_TXT3,帮会%d级解锁,,
SHOP_TIAOJIAN_TXT4,排名%d名解锁,,
SHOP_TIAOJIAN_TXT5,护送橙镖%d次,,
SHOP_TIAOJIAN_TXT6,答题%d次,,
SHOP_TIPS_TXT1,%s不足,,
SHOP_TIPS_TXT2,总价:,,
SHOP_HAD_TXT1,小雷音寺通关数: ,,
SHOP_HAD_TXT2,每天24点会重置商店中的数据,,
SHOP_HAD_TXT3,个人排名：,,
SHOP_HAD_TXT4,护送橙镖次数: ,,
SHOP_HAD_TXT5,答题次数: ,,
SHOP_HAD_TXT6,幻兽令可通过,,
SHOP_HAD_TXT7,获得,,
SHOP_HAD_TXT8,#lime【日常-每日三百】,,

#排行榜
RANK_TXT1,您排在榜外,,
RANK_TXT2,我的排名:%d,,
RANK_TXT3,战力:%d,,
RANK_TXT4,%d级,,
RANK_TXT5,%d阶,,
RANK_TXT6,战力榜,,
RANK_TXT7,等级榜,,
RANK_TXT8,宠物榜,,
RANK_TXT9,仙侣榜,,
RANK_TXT10,坐骑榜,,
RANK_TXT11,翅膀榜,,
RANK_TXT12,天仙榜,,
RANK_TXT13,神兵榜,,
RANK_TXT14,法阵榜,,
RANK_TXT15,仙位榜,,
RANK_TXT16,通灵榜,,
RANK_TXT17,兽魂榜,,
RANK_TXT18,天女榜,,
RANK_TXT19,仙器榜,,
RANK_TXT20,花辇榜,,
RANK_TXT21,灵气榜,,


#投资计划 首充
INVEST_TXT1,充值%d元#br%s,,
INVEST_TXT2,价值%d元宝,,
INVEST_TXT3,返回%d#YUANBAO %d#BIND_YUANBAO,,
INVEST_TXT4,到达%d级,,
INVEST_TXT5,未达成,,
INVEST_TXT6,领取,,
INVEST_TXT7,已领取,,
INVEST_TXT8,已购买,,
INVEST_TXT9,投资20000元宝,,
INVEST_TXT10,第%d天返利,,
INVEST_TXT11,领取第%d天奖励,,
INVEST_TXT12,投资8888元宝,,
INVEST_TXT13,已充值:#green%d元宝#rf,,
INVEST_TXT14,#cyan倒计时%s#rf,,
INVEST_TXT15,元宝不足,,
INVEST_TXT16,是否消耗8888元宝购买投资计划,,
INVEST_TXT17,是否消耗20000元宝购买成长基金,,
INVEST_TXT18,明日再来,,
INVEST_TXT19,前往充值,,
INVEST_TXT20,可领取,,
INVEST_TXT21,已领取,,
INVEST_TXT22,充值%d元宝,,
INVEST_TXT23,首充,,
INVEST_TXT24,成长基金,,
INVEST_TXT25,投资计划,,
INVEST_TXT26,累计充值,,
INVEST_TXT27,您没购买成长基金,,

#任务
TEAM_TXT1,%s秒后自动快速加入,,
TEAM_TXT2,满人时开启副本,,
TEAM_TXT3,%s秒后自动开启副本,,
TEAM_TXT4,战斗中,,

#神装
GOD_EQUIP_UPGRADE,神装升级,,
GOD_EQUIP_XILIAN,神装洗练,,
GOD_EQUIP_CUILIAN,神装淬炼,,

#福利大厅
WELFARE_TXT1,福利大厅,,
WELFARE_TXT2,累计登陆%d天礼包,,
WELFARE_TXT3,累计登陆%d天,,
WELFARE_TXT4,领取,,
WELFARE_TXT5,已领取,,
WELFARE_TXT6,每日登陆可领取,,
WELFARE_TXT7,开服八天后开启,,
WELFARE_TXT8,80级开启,,
WELFARE_TXT9,购买立即获得#orange3000元宝#rf,,
WELFARE_TXT10,每天可领取#orange1000绑元#rf,,
WELFARE_TXT11,总共领取#orange30000绑元#rf,,
WELFARE_TXT12,挂机经验#orange+30%#rf,,
WELFARE_TXT13,挂机奖励#orange+30%#rf,,
WELFARE_TXT14,背包容量#orange+100#rf,,
WELFARE_TXT15,离线挂机不用愁,,
WELFARE_TXT16,购买立即获得#orange2000元宝#rf,,
WELFARE_TXT17,每天可领取#orange4000绑元#rf,,
WELFARE_TXT18,总共领取#orange28000绑元#rf,,
WELFARE_TXT19,购买,,
WELFARE_TXT20,VIP4可领取,,
WELFARE_TXT21,充值任意金额可领取,,
WELFARE_TXT22,达到%d级可领取,,
WELFARE_TXT23,点击这里输入激活码,,
WELFARE_TXT24,内容不能为空,,
WELFARE_TXT25,请输入正确的激活码,,
WELFARE_TXT26,今日西游历练积分:%d,,
WELFARE_TXT27,世界等级#br%d,,
WELFARE_TXT28,开服一天后开启,,
WELFARE_TXT29,剩余时间:%s时%s分,

#寻宝
LUCKY_TXT1,寻宝,,
LUCKY_TXT2,幸运转盘,,
LUCKY_TXT3,绑元不足,,
LUCKY_TXT4,元宝不足,,
LUCKY_TXT5,%s获得%s,,

#地图
MAP_TXT1,#lime已通关,,
MAP_TXT2,#lime冒险中,,
MAP_TXT3,%s#br进入条件：#br人物等级#lime%d#white级#br击败#lime%s#white所有头目,,

#三生三世
SANSHENG_TXT1,没有选择好友,,
SANSHENG_TXT2,请选择成为你的丈夫还是妻子,,
SANSHENG_TXT3,%s向你求婚%s是否答应ta,,
SANSHENG_TXT4,是否确定要离婚?,,
SANSHENG_TXT5,#green%s#rf和#green%s#rf喜结连理#br送个礼金祝福下吧!,,
SANSHENG_TXT6,%d阶,,
SANSHENG_TXT7,姻缘,,
SANSHENG_TXT8,房屋,,
SANSHENG_TXT9,师徒,,

SANSHENG_TXT100,经济住房,,
SANSHENG_TXT102,舒适住房,,
SANSHENG_TXT103,豪华别墅,,||||||| .r2406
MAP_TXT3,%s#br进入条件：#br人物等级#lime%d#white级#br击败#lime%s#white所有头目,,=======
MAP_TXT3,%s#br进入条件：#br人物等级#lime%d#white级#br击败#lime%s#white所有头目,,
